{"count":1,"self":479.444736,"total":504.89064199999996,"children":{"AgentResetIfDone":{"count":21252,"self":1.871313,"total":1.871313,"children":null},"AgentSendState":{"count":21252,"self":3.341014,"total":13.694046,"children":{"CollectObservations":{"count":68016,"self":10.353031999999999,"total":10.353031999999999,"children":null}}},"DecideAction":{"count":21252,"self":7.7063999999999995,"total":7.7063999999999995,"children":null},"AcademyStep":{"count":21252,"self":0.553584,"total":0.553584,"children":null},"AgentAct":{"count":21252,"self":1.6194439999999999,"total":1.6194439999999999,"children":null}}}