{"count":1,"self":1.534556,"total":1.673404,"children":{"AgentResetIfDone":{"count":48,"self":0.032744999999999996,"total":0.032744999999999996,"children":null},"AgentSendState":{"count":48,"self":0.003702,"total":0.0049359999999999994,"children":{"CollectObservations":{"count":48,"self":0.0012339999999999999,"total":0.0012339999999999999,"children":null}}},"DecideAction":{"count":48,"self":0.0022459999999999997,"total":0.0022459999999999997,"children":null},"AcademyStep":{"count":48,"self":0.001205,"total":0.001205,"children":null},"AgentAct":{"count":48,"self":0.096649,"total":0.096649,"children":null}}}