{"count":1,"self":1.741318,"total":1.794567,"children":{"AgentResetIfDone":{"count":55,"self":0.039799999999999995,"total":0.039799999999999995,"children":null},"AgentSendState":{"count":55,"self":0.004358,"total":0.0059039999999999995,"children":{"CollectObservations":{"count":55,"self":0.0015459999999999998,"total":0.0015459999999999998,"children":null}}},"DecideAction":{"count":55,"self":0.002532,"total":0.002532,"children":null},"AcademyStep":{"count":55,"self":0.001544,"total":0.001544,"children":null},"AgentAct":{"count":55,"self":0.002072,"total":0.002072,"children":null}}}